Title,Description,Link,Media URL,Pinterest board,Publish date
Free 19 Addition Math Worksheet For Grade 5 | Printable Practice,Free printable Addition worksheet for Grade 5. Perfect for homeschool practice and classroom activities.,https://mathworksheetkidscraft.github.io/html/free-19-addition-math-worksheet-for-grade-5-1718.html,https://mathworksheetkidscraft.github.io/images/free-19-addition-math-worksheet-for-grade-5-1718.jpg,Math Practice Printables,03/17/2026 08:35:00 AM
Printable Count and Color Worksheet for Grade 1 Kids,Help kids master Count and Color with this printable worksheet for Grade 1. Great for daily math practice.,https://mathworksheetkidscraft.github.io/html/printable-count-and-color-worksheet-for-grade-1-kids-9653.html,https://mathworksheetkidscraft.github.io/images/printable-count-and-color-worksheet-for-grade-1-kids-9653.jpg,Kids Math Worksheets,03/17/2026 11:07:00 AM
Pre-K Count The Objects Worksheet - Part 3 | Printable Practice,Printable Counting Objects worksheet designed for Pre-K students. Easy and fun math practice.,https://mathworksheetkidscraft.github.io/html/pre-k-count-the-objects-worksheet-part-3-9306.html,https://mathworksheetkidscraft.github.io/images/pre-k-count-the-objects-worksheet-part-3-9306.jpg,Kids Math Worksheets,03/17/2026 01:31:00 PM
Free 28 Division Math Worksheet For Grade 2 - Part 4 | Printable Practice,Fun and engaging Division worksheet for Grade 2. Perfect printable math practice.,https://mathworksheetkidscraft.github.io/html/free-28-division-math-worksheet-for-grade-2-part-4-6591.html,https://mathworksheetkidscraft.github.io/images/free-28-division-math-worksheet-for-grade-2-part-4-6591.jpg,Printable Worksheets,03/17/2026 04:29:00 PM
Printable Math Questions for Students (4 Questions),Fun and engaging Math worksheet for Math. Perfect printable math practice.,https://mathworksheetkidscraft.github.io/html/printable-math-questions-for-students-4-questions-7430.html,https://mathworksheetkidscraft.github.io/images/printable-math-questions-for-students-4-questions-7430.jpg,Homeschool Math,03/17/2026 08:35:00 PM
Missing Number Math Worksheet,Printable Missing Number worksheet designed for Grade 1 students. Easy and fun math practice.,https://mathworksheetkidscraft.github.io/html/missing-number-math-worksheet-9392.html,https://mathworksheetkidscraft.github.io/images/missing-number-math-worksheet-9392.jpg,Printable Worksheets,03/18/2026 08:28:00 AM
Mixed Operations Math Worksheet,Fun and engaging Mixed Operations worksheet for Grade 3. Perfect printable math practice.,https://mathworksheetkidscraft.github.io/html/mixed-operations-math-worksheet-8509.html,https://mathworksheetkidscraft.github.io/images/mixed-operations-math-worksheet-8509.jpg,Math Practice Printables,03/18/2026 11:07:00 AM
Free 15 Multiplication Math Worksheet For Grade 2 With Answers - Part 8 | Printable Practice,Printable Multiplication worksheet designed for Grade 2 students. Easy and fun math practice.,https://mathworksheetkidscraft.github.io/html/free-15-multiplication-math-worksheet-for-grade-2-with-answers-part-8-6196.html,https://mathworksheetkidscraft.github.io/images/free-15-multiplication-math-worksheet-for-grade-2-with-answers-part-8-6196.jpg,Kids Math Worksheets,03/18/2026 01:38:00 PM
Printable Free 29 Subtraction Math Worksheet For Grade 5 - Part 9 | Printable Practice,Printable Subtraction worksheet designed for Grade 5 students. Easy and fun math practice.,https://mathworksheetkidscraft.github.io/html/printable-free-29-subtraction-math-worksheet-for-grade-5-part-9-2073.html,https://mathworksheetkidscraft.github.io/images/printable-free-29-subtraction-math-worksheet-for-grade-5-part-9-2073.jpg,Math Practice Printables,03/18/2026 04:22:00 PM
10 Times Table Worksheet For Grade 3 With Answers - Part 10 | Printable Practice,Printable Times Table worksheet designed for Grade 3 students. Easy and fun math practice.,https://mathworksheetkidscraft.github.io/html/10-times-table-worksheet-for-grade-3-with-answers-part-10-6363.html,https://mathworksheetkidscraft.github.io/images/10-times-table-worksheet-for-grade-3-with-answers-part-10-6363.jpg,Kids Math Worksheets,03/18/2026 08:38:00 PM
Printable Tracing Worksheet For Kids - Part 11 | Free Printable,Printable Tracing worksheet designed for Kindergarten students. Easy and fun math practice.,https://mathworksheetkidscraft.github.io/html/printable-tracing-worksheet-for-kids-part-11-2308.html,https://mathworksheetkidscraft.github.io/images/printable-tracing-worksheet-for-kids-part-11-2308.jpg,Elementary Math Activities,03/19/2026 08:36:00 AM
Math Word Problem Worksheet,Free printable Word Problem worksheet for Grade 3. Perfect for homeschool practice and classroom activities.,https://mathworksheetkidscraft.github.io/html/math-word-problem-worksheet-1963.html,https://mathworksheetkidscraft.github.io/images/math-word-problem-worksheet-1963.jpg,Printable Worksheets,03/19/2026 11:00:00 AM
Free 21 Addition Math Worksheet For Grade 3 With Answers - Part 13 | Printable Practice,Free printable Addition worksheet for Grade 3. Perfect for homeschool practice and classroom activities.,https://mathworksheetkidscraft.github.io/html/free-21-addition-math-worksheet-for-grade-3-with-answers-part-13-5572.html,https://mathworksheetkidscraft.github.io/images/free-21-addition-math-worksheet-for-grade-3-with-answers-part-13-5572.jpg,Homeschool Math,03/19/2026 01:32:00 PM
Fun Count and Color Objects Worksheet for Preschool,Teachers and parents love this Count and Color worksheet for Preschool. Download and print instantly.,https://mathworksheetkidscraft.github.io/html/fun-count-and-color-objects-worksheet-for-preschool-4573.html,https://mathworksheetkidscraft.github.io/images/fun-count-and-color-objects-worksheet-for-preschool-4573.jpg,Kids Math Worksheets,03/19/2026 04:25:00 PM
Learn Counting With Pictures Worksheet (Kindergarten) - Part 15 | Printable Practice,Printable Counting Objects worksheet designed for Kindergarten students. Easy and fun math practice.,https://mathworksheetkidscraft.github.io/html/learn-counting-with-pictures-worksheet-kindergarten-part-15-5599.html,https://mathworksheetkidscraft.github.io/images/learn-counting-with-pictures-worksheet-kindergarten-part-15-5599.jpg,Elementary Math Activities,03/19/2026 08:22:00 PM
Free 30 Division Math Worksheet For Grade 2 - Part 16 | Printable Practice,Help kids master Division with this printable worksheet for Grade 2. Great for daily math practice.,https://mathworksheetkidscraft.github.io/html/free-30-division-math-worksheet-for-grade-2-part-16-2940.html,https://mathworksheetkidscraft.github.io/images/free-30-division-math-worksheet-for-grade-2-part-16-2940.jpg,Kids Math Worksheets,03/20/2026 08:22:00 AM
8 Math Quiz Practice Worksheet,Teachers and parents love this Math worksheet for Math. Download and print instantly.,https://mathworksheetkidscraft.github.io/html/8-math-quiz-practice-worksheet-7082.html,https://mathworksheetkidscraft.github.io/images/8-math-quiz-practice-worksheet-7082.jpg,Homeschool Math,03/20/2026 11:00:00 AM
Missing Number Math Worksheet,Teachers and parents love this Missing Number worksheet for Grade 1. Download and print instantly.,https://mathworksheetkidscraft.github.io/html/missing-number-math-worksheet-5168.html,https://mathworksheetkidscraft.github.io/images/missing-number-math-worksheet-5168.jpg,Elementary Math Activities,03/20/2026 01:24:00 PM
Mixed Operations Math Worksheet,Help kids master Mixed Operations with this printable worksheet for Grade 3. Great for daily math practice.,https://mathworksheetkidscraft.github.io/html/mixed-operations-math-worksheet-5951.html,https://mathworksheetkidscraft.github.io/images/mixed-operations-math-worksheet-5951.jpg,Elementary Math Activities,03/20/2026 04:25:00 PM
Printable Free 20 Multiplication Math Worksheet For Grade 1 - Part 20 | Printable Practice,Fun and engaging Multiplication worksheet for Grade 1. Perfect printable math practice.,https://mathworksheetkidscraft.github.io/html/printable-free-20-multiplication-math-worksheet-for-grade-1-part-20-3222.html,https://mathworksheetkidscraft.github.io/images/printable-free-20-multiplication-math-worksheet-for-grade-1-part-20-3222.jpg,Elementary Math Activities,03/20/2026 08:30:00 PM
Grade 3 Subtraction Practice Worksheet (14 Problems) - Part 21 | Printable Practice,Fun and engaging Subtraction worksheet for Grade 3. Perfect printable math practice.,https://mathworksheetkidscraft.github.io/html/grade-3-subtraction-practice-worksheet-14-problems-part-21-9881.html,https://mathworksheetkidscraft.github.io/images/grade-3-subtraction-practice-worksheet-14-problems-part-21-9881.jpg,Math Practice Printables,03/21/2026 08:28:00 AM
4 Times Table Worksheet For Grade 2 With Answers - Part 22 | Printable Practice,Printable Times Table worksheet designed for Grade 2 students. Easy and fun math practice.,https://mathworksheetkidscraft.github.io/html/4-times-table-worksheet-for-grade-2-with-answers-part-22-6580.html,https://mathworksheetkidscraft.github.io/images/4-times-table-worksheet-for-grade-2-with-answers-part-22-6580.jpg,Kids Math Worksheets,03/21/2026 11:00:00 AM
Printable Tracing Worksheet For Kids - Part 23 | Free Printable,Teachers and parents love this Tracing worksheet for Kindergarten. Download and print instantly.,https://mathworksheetkidscraft.github.io/html/printable-tracing-worksheet-for-kids-part-23-8745.html,https://mathworksheetkidscraft.github.io/images/printable-tracing-worksheet-for-kids-part-23-8745.jpg,Elementary Math Activities,03/21/2026 01:23:00 PM
Math Word Problem Worksheet,Help kids master Word Problem with this printable worksheet for Grade 3. Great for daily math practice.,https://mathworksheetkidscraft.github.io/html/math-word-problem-worksheet-1600.html,https://mathworksheetkidscraft.github.io/images/math-word-problem-worksheet-1600.jpg,Math Practice Printables,03/21/2026 04:29:00 PM
Free 22 Addition Math Worksheet For Grade 5 With Answers - Part 25 | Printable Practice,Fun and engaging Addition worksheet for Grade 5. Perfect printable math practice.,https://mathworksheetkidscraft.github.io/html/free-22-addition-math-worksheet-for-grade-5-with-answers-part-25-4343.html,https://mathworksheetkidscraft.github.io/images/free-22-addition-math-worksheet-for-grade-5-with-answers-part-25-4343.jpg,Homeschool Math,03/21/2026 08:31:00 PM
3 Free Count and Color Worksheets for Grade 1,Teachers and parents love this Count and Color worksheet for Grade 1. Download and print instantly.,https://mathworksheetkidscraft.github.io/html/3-free-count-and-color-worksheets-for-grade-1-1435.html,https://mathworksheetkidscraft.github.io/images/3-free-count-and-color-worksheets-for-grade-1-1435.jpg,Homeschool Math,03/22/2026 08:37:00 AM
Pre-K Count The Objects Worksheet - Part 27 | Printable Practice,Free printable Counting Objects worksheet for Pre-K. Perfect for homeschool practice and classroom activities.,https://mathworksheetkidscraft.github.io/html/pre-k-count-the-objects-worksheet-part-27-4464.html,https://mathworksheetkidscraft.github.io/images/pre-k-count-the-objects-worksheet-part-27-4464.jpg,Kids Math Worksheets,03/22/2026 11:07:00 AM
Free 19 Division Math Worksheet For Grade 2 - Part 28 | Printable Practice,Help kids master Division with this printable worksheet for Grade 2. Great for daily math practice.,https://mathworksheetkidscraft.github.io/html/free-19-division-math-worksheet-for-grade-2-part-28-1575.html,https://mathworksheetkidscraft.github.io/images/free-19-division-math-worksheet-for-grade-2-part-28-1575.jpg,Elementary Math Activities,03/22/2026 01:33:00 PM
4 General Math Quiz Practice Worksheet,Free printable Math worksheet for Math. Perfect for homeschool practice and classroom activities.,https://mathworksheetkidscraft.github.io/html/4-general-math-quiz-practice-worksheet-4931.html,https://mathworksheetkidscraft.github.io/images/4-general-math-quiz-practice-worksheet-4931.jpg,Kids Math Worksheets,03/22/2026 04:37:00 PM
Missing Number Math Worksheet,Help kids master Missing Number with this printable worksheet for Grade 1. Great for daily math practice.,https://mathworksheetkidscraft.github.io/html/missing-number-math-worksheet-2926.html,https://mathworksheetkidscraft.github.io/images/missing-number-math-worksheet-2926.jpg,Math Practice Printables,03/22/2026 08:28:00 PM
Mixed Operations Math Worksheet,Printable Mixed Operations worksheet designed for Grade 3 students. Easy and fun math practice.,https://mathworksheetkidscraft.github.io/html/mixed-operations-math-worksheet-7305.html,https://mathworksheetkidscraft.github.io/images/mixed-operations-math-worksheet-7305.jpg,Elementary Math Activities,03/23/2026 08:32:00 AM
Grade 1 Multiplication Practice Worksheet (13 Problems) - Part 32 | Printable Practice,Help kids master Multiplication with this printable worksheet for Grade 1. Great for daily math practice.,https://mathworksheetkidscraft.github.io/html/grade-1-multiplication-practice-worksheet-13-problems-part-32-4030.html,https://mathworksheetkidscraft.github.io/images/grade-1-multiplication-practice-worksheet-13-problems-part-32-4030.jpg,Printable Worksheets,03/23/2026 11:00:00 AM
Free 24 Subtraction Math Worksheet For Grade 2 - Part 33 | Printable Practice,Teachers and parents love this Subtraction worksheet for Grade 2. Download and print instantly.,https://mathworksheetkidscraft.github.io/html/free-24-subtraction-math-worksheet-for-grade-2-part-33-1380.html,https://mathworksheetkidscraft.github.io/images/free-24-subtraction-math-worksheet-for-grade-2-part-33-1380.jpg,Printable Worksheets,03/23/2026 01:35:00 PM
12 Times Table Worksheet For Grade 4 - Part 34 | Printable Practice,Fun and engaging Times Table worksheet for Grade 4. Perfect printable math practice.,https://mathworksheetkidscraft.github.io/html/12-times-table-worksheet-for-grade-4-part-34-1326.html,https://mathworksheetkidscraft.github.io/images/12-times-table-worksheet-for-grade-4-part-34-1326.jpg,Printable Worksheets,03/23/2026 04:27:00 PM
Printable Tracing Worksheet For Kids - Part 35 | Free Printable,Help kids master Tracing with this printable worksheet for Kindergarten. Great for daily math practice.,https://mathworksheetkidscraft.github.io/html/printable-tracing-worksheet-for-kids-part-35-8486.html,https://mathworksheetkidscraft.github.io/images/printable-tracing-worksheet-for-kids-part-35-8486.jpg,Homeschool Math,03/23/2026 08:25:00 PM
Math Word Problem Worksheet,Teachers and parents love this Word Problem worksheet for Grade 3. Download and print instantly.,https://mathworksheetkidscraft.github.io/html/math-word-problem-worksheet-1534.html,https://mathworksheetkidscraft.github.io/images/math-word-problem-worksheet-1534.jpg,Homeschool Math,03/24/2026 08:34:00 AM
Grade 1 Addition Practice Worksheet (13 Problems) - Part 37 | Printable Practice,Help kids master Addition with this printable worksheet for Grade 1. Great for daily math practice.,https://mathworksheetkidscraft.github.io/html/grade-1-addition-practice-worksheet-13-problems-part-37-5206.html,https://mathworksheetkidscraft.github.io/images/grade-1-addition-practice-worksheet-13-problems-part-37-5206.jpg,Math Practice Printables,03/24/2026 11:05:00 AM
Printable Count and Color Worksheet for Kindergarten Kids,Help kids master Count and Color with this printable worksheet for Kindergarten. Great for daily math practice.,https://mathworksheetkidscraft.github.io/html/printable-count-and-color-worksheet-for-kindergarten-kids-1540.html,https://mathworksheetkidscraft.github.io/images/printable-count-and-color-worksheet-for-kindergarten-kids-1540.jpg,Math Practice Printables,03/24/2026 01:37:00 PM
Free Counting Objects Worksheet For Pre-K - Part 39 | Printable Practice,Free printable Counting Objects worksheet for Pre-K. Perfect for homeschool practice and classroom activities.,https://mathworksheetkidscraft.github.io/html/free-counting-objects-worksheet-for-pre-k-part-39-6760.html,https://mathworksheetkidscraft.github.io/images/free-counting-objects-worksheet-for-pre-k-part-39-6760.jpg,Elementary Math Activities,03/24/2026 04:37:00 PM
Printable Free 11 Division Math Worksheet For Grade 1 - Part 40 | Printable Practice,Printable Division worksheet designed for Grade 1 students. Easy and fun math practice.,https://mathworksheetkidscraft.github.io/html/printable-free-11-division-math-worksheet-for-grade-1-part-40-9539.html,https://mathworksheetkidscraft.github.io/images/printable-free-11-division-math-worksheet-for-grade-1-part-40-9539.jpg,Elementary Math Activities,03/24/2026 08:23:00 PM
Practice Math Skill Test Worksheet for Students,Free printable Math worksheet for Math. Perfect for homeschool practice and classroom activities.,https://mathworksheetkidscraft.github.io/html/practice-math-skill-test-worksheet-for-students-5624.html,https://mathworksheetkidscraft.github.io/images/practice-math-skill-test-worksheet-for-students-5624.jpg,Kids Math Worksheets,03/25/2026 08:36:00 AM
Missing Number Math Worksheet,Printable Missing Number worksheet designed for Grade 1 students. Easy and fun math practice.,https://mathworksheetkidscraft.github.io/html/missing-number-math-worksheet-1105.html,https://mathworksheetkidscraft.github.io/images/missing-number-math-worksheet-1105.jpg,Homeschool Math,03/25/2026 11:01:00 AM
Mixed Operations Math Worksheet,Fun and engaging Mixed Operations worksheet for Grade 3. Perfect printable math practice.,https://mathworksheetkidscraft.github.io/html/mixed-operations-math-worksheet-8717.html,https://mathworksheetkidscraft.github.io/images/mixed-operations-math-worksheet-8717.jpg,Math Practice Printables,03/25/2026 01:33:00 PM
Free 15 Multiplication Math Worksheet For Grade 2 - Part 44 | Printable Practice,Free printable Multiplication worksheet for Grade 2. Perfect for homeschool practice and classroom activities.,https://mathworksheetkidscraft.github.io/html/free-15-multiplication-math-worksheet-for-grade-2-part-44-7892.html,https://mathworksheetkidscraft.github.io/images/free-15-multiplication-math-worksheet-for-grade-2-part-44-7892.jpg,Elementary Math Activities,03/25/2026 04:27:00 PM
Printable Free 25 Subtraction Math Worksheet For Grade 2 - Part 45 | Printable Practice,Help kids master Subtraction with this printable worksheet for Grade 2. Great for daily math practice.,https://mathworksheetkidscraft.github.io/html/printable-free-25-subtraction-math-worksheet-for-grade-2-part-45-4481.html,https://mathworksheetkidscraft.github.io/images/printable-free-25-subtraction-math-worksheet-for-grade-2-part-45-4481.jpg,Elementary Math Activities,03/25/2026 08:33:00 PM
7 Times Table Worksheet For Grade 3 With Answers - Part 46 | Printable Practice,Fun and engaging Times Table worksheet for Grade 3. Perfect printable math practice.,https://mathworksheetkidscraft.github.io/html/7-times-table-worksheet-for-grade-3-with-answers-part-46-2857.html,https://mathworksheetkidscraft.github.io/images/7-times-table-worksheet-for-grade-3-with-answers-part-46-2857.jpg,Printable Worksheets,03/26/2026 08:33:00 AM
Printable Tracing Worksheet For Kids - Part 47 | Free Printable,Help kids master Tracing with this printable worksheet for Preschool. Great for daily math practice.,https://mathworksheetkidscraft.github.io/html/printable-tracing-worksheet-for-kids-part-47-9837.html,https://mathworksheetkidscraft.github.io/images/printable-tracing-worksheet-for-kids-part-47-9837.jpg,Math Practice Printables,03/26/2026 11:00:00 AM
Math Word Problem Worksheet,Help kids master Word Problem with this printable worksheet for Grade 3. Great for daily math practice.,https://mathworksheetkidscraft.github.io/html/math-word-problem-worksheet-2399.html,https://mathworksheetkidscraft.github.io/images/math-word-problem-worksheet-2399.jpg,Math Practice Printables,03/26/2026 01:30:00 PM
Free 18 Addition Math Worksheet For Grade 3 With Answers - Part 49 | Printable Practice,Free printable Addition worksheet for Grade 3. Perfect for homeschool practice and classroom activities.,https://mathworksheetkidscraft.github.io/html/free-18-addition-math-worksheet-for-grade-3-with-answers-part-49-6702.html,https://mathworksheetkidscraft.github.io/images/free-18-addition-math-worksheet-for-grade-3-with-answers-part-49-6702.jpg,Printable Worksheets,03/26/2026 04:28:00 PM
Printable Count and Color Worksheet for Preschool Kids,Fun and engaging Count and Color worksheet for Preschool. Perfect printable math practice.,https://mathworksheetkidscraft.github.io/html/printable-count-and-color-worksheet-for-preschool-kids-4924.html,https://mathworksheetkidscraft.github.io/images/printable-count-and-color-worksheet-for-preschool-kids-4924.jpg,Homeschool Math,03/26/2026 08:25:00 PM
Free Counting Objects Worksheet For Kindergarten Printable - Part 51 | Printable Practice,Free printable Counting Objects worksheet for Kindergarten. Perfect for homeschool practice and classroom activities.,https://mathworksheetkidscraft.github.io/html/free-counting-objects-worksheet-for-kindergarten-printable-part-51-9700.html,https://mathworksheetkidscraft.github.io/images/free-counting-objects-worksheet-for-kindergarten-printable-part-51-9700.jpg,Math Practice Printables,03/27/2026 08:27:00 AM
Printable Free 24 Division Math Worksheet For Grade 1 - Part 52 | Printable Practice,Teachers and parents love this Division worksheet for Grade 1. Download and print instantly.,https://mathworksheetkidscraft.github.io/html/printable-free-24-division-math-worksheet-for-grade-1-part-52-9476.html,https://mathworksheetkidscraft.github.io/images/printable-free-24-division-math-worksheet-for-grade-1-part-52-9476.jpg,Elementary Math Activities,03/27/2026 11:00:00 AM
7 General Math Quiz for Students,Teachers and parents love this Math worksheet for Math. Download and print instantly.,https://mathworksheetkidscraft.github.io/html/7-general-math-quiz-for-students-9147.html,https://mathworksheetkidscraft.github.io/images/7-general-math-quiz-for-students-9147.jpg,Printable Worksheets,03/27/2026 01:23:00 PM
Missing Number Math Worksheet,Free printable Missing Number worksheet for Grade 1. Perfect for homeschool practice and classroom activities.,https://mathworksheetkidscraft.github.io/html/missing-number-math-worksheet-5203.html,https://mathworksheetkidscraft.github.io/images/missing-number-math-worksheet-5203.jpg,Printable Worksheets,03/27/2026 04:34:00 PM
Mixed Operations Math Worksheet,Fun and engaging Mixed Operations worksheet for Grade 3. Perfect printable math practice.,https://mathworksheetkidscraft.github.io/html/mixed-operations-math-worksheet-9212.html,https://mathworksheetkidscraft.github.io/images/mixed-operations-math-worksheet-9212.jpg,Homeschool Math,03/27/2026 08:36:00 PM
Printable Free 25 Multiplication Math Worksheet For Grade 2 - Part 56 | Printable Practice,Help kids master Multiplication with this printable worksheet for Grade 2. Great for daily math practice.,https://mathworksheetkidscraft.github.io/html/printable-free-25-multiplication-math-worksheet-for-grade-2-part-56-4556.html,https://mathworksheetkidscraft.github.io/images/printable-free-25-multiplication-math-worksheet-for-grade-2-part-56-4556.jpg,Kids Math Worksheets,03/28/2026 08:31:00 AM
Printable Free 15 Subtraction Math Worksheet For Grade 5 - Part 57 | Printable Practice,Help kids master Subtraction with this printable worksheet for Grade 5. Great for daily math practice.,https://mathworksheetkidscraft.github.io/html/printable-free-15-subtraction-math-worksheet-for-grade-5-part-57-2825.html,https://mathworksheetkidscraft.github.io/images/printable-free-15-subtraction-math-worksheet-for-grade-5-part-57-2825.jpg,Homeschool Math,03/28/2026 11:00:00 AM
Grade 2 Multiplication Table 5 Practice - Part 58 | Printable Practice,Printable Times Table worksheet designed for Grade 2 students. Easy and fun math practice.,https://mathworksheetkidscraft.github.io/html/grade-2-multiplication-table-5-practice-part-58-3076.html,https://mathworksheetkidscraft.github.io/images/grade-2-multiplication-table-5-practice-part-58-3076.jpg,Homeschool Math,03/28/2026 01:37:00 PM
Printable Tracing Worksheet For Kids - Part 59 | Free Printable,Printable Tracing worksheet designed for Kindergarten students. Easy and fun math practice.,https://mathworksheetkidscraft.github.io/html/printable-tracing-worksheet-for-kids-part-59-5860.html,https://mathworksheetkidscraft.github.io/images/printable-tracing-worksheet-for-kids-part-59-5860.jpg,Kids Math Worksheets,03/28/2026 04:29:00 PM
Math Word Problem Worksheet,Fun and engaging Word Problem worksheet for Grade 3. Perfect printable math practice.,https://mathworksheetkidscraft.github.io/html/math-word-problem-worksheet-8127.html,https://mathworksheetkidscraft.github.io/images/math-word-problem-worksheet-8127.jpg,Math Practice Printables,03/28/2026 08:30:00 PM
Free 28 Addition Math Worksheet For Grade 3 With Answers - Part 61 | Printable Practice,Fun and engaging Addition worksheet for Grade 3. Perfect printable math practice.,https://mathworksheetkidscraft.github.io/html/free-28-addition-math-worksheet-for-grade-3-with-answers-part-61-9673.html,https://mathworksheetkidscraft.github.io/images/free-28-addition-math-worksheet-for-grade-3-with-answers-part-61-9673.jpg,Kids Math Worksheets,03/29/2026 08:31:00 AM
Free Grade 1 Count and Color Worksheet,Free printable Count and Color worksheet for Grade 1. Perfect for homeschool practice and classroom activities.,https://mathworksheetkidscraft.github.io/html/free-grade-1-count-and-color-worksheet-9815.html,https://mathworksheetkidscraft.github.io/images/free-grade-1-count-and-color-worksheet-9815.jpg,Printable Worksheets,03/29/2026 11:02:00 AM
Kindergarten Count The Objects Worksheet - Part 63 | Printable Practice,Teachers and parents love this Counting Objects worksheet for Kindergarten. Download and print instantly.,https://mathworksheetkidscraft.github.io/html/kindergarten-count-the-objects-worksheet-part-63-3051.html,https://mathworksheetkidscraft.github.io/images/kindergarten-count-the-objects-worksheet-part-63-3051.jpg,Elementary Math Activities,03/29/2026 01:36:00 PM
Free 28 Division Math Worksheet For Grade 2 - Part 64 | Printable Practice,Printable Division worksheet designed for Grade 2 students. Easy and fun math practice.,https://mathworksheetkidscraft.github.io/html/free-28-division-math-worksheet-for-grade-2-part-64-9066.html,https://mathworksheetkidscraft.github.io/images/free-28-division-math-worksheet-for-grade-2-part-64-9066.jpg,Elementary Math Activities,03/29/2026 04:38:00 PM
Free Printable Mathematics Quiz for Students (4 Questions),Printable Math worksheet designed for Math students. Easy and fun math practice.,https://mathworksheetkidscraft.github.io/html/free-printable-mathematics-quiz-for-students-4-questions-9265.html,https://mathworksheetkidscraft.github.io/images/free-printable-mathematics-quiz-for-students-4-questions-9265.jpg,Printable Worksheets,03/29/2026 08:25:00 PM
Missing Number Math Worksheet,Printable Missing Number worksheet designed for Grade 1 students. Easy and fun math practice.,https://mathworksheetkidscraft.github.io/html/missing-number-math-worksheet-1274.html,https://mathworksheetkidscraft.github.io/images/missing-number-math-worksheet-1274.jpg,Kids Math Worksheets,03/30/2026 08:23:00 AM
Mixed Operations Math Worksheet,Help kids master Mixed Operations with this printable worksheet for Grade 3. Great for daily math practice.,https://mathworksheetkidscraft.github.io/html/mixed-operations-math-worksheet-9153.html,https://mathworksheetkidscraft.github.io/images/mixed-operations-math-worksheet-9153.jpg,Homeschool Math,03/30/2026 11:00:00 AM
Grade 1 Multiplication Practice Worksheet (16 Problems) - Part 68 | Printable Practice,Fun and engaging Multiplication worksheet for Grade 1. Perfect printable math practice.,https://mathworksheetkidscraft.github.io/html/grade-1-multiplication-practice-worksheet-16-problems-part-68-4283.html,https://mathworksheetkidscraft.github.io/images/grade-1-multiplication-practice-worksheet-16-problems-part-68-4283.jpg,Math Practice Printables,03/30/2026 01:30:00 PM
Printable Free 19 Subtraction Math Worksheet For Grade 3 - Part 69 | Printable Practice,Printable Subtraction worksheet designed for Grade 3 students. Easy and fun math practice.,https://mathworksheetkidscraft.github.io/html/printable-free-19-subtraction-math-worksheet-for-grade-3-part-69-3562.html,https://mathworksheetkidscraft.github.io/images/printable-free-19-subtraction-math-worksheet-for-grade-3-part-69-3562.jpg,Printable Worksheets,03/30/2026 04:32:00 PM
10 Times Table Worksheet For Grade 3 With Answers - Part 70 | Printable Practice,Fun and engaging Times Table worksheet for Grade 3. Perfect printable math practice.,https://mathworksheetkidscraft.github.io/html/10-times-table-worksheet-for-grade-3-with-answers-part-70-9894.html,https://mathworksheetkidscraft.github.io/images/10-times-table-worksheet-for-grade-3-with-answers-part-70-9894.jpg,Homeschool Math,03/30/2026 08:32:00 PM
Printable Tracing Worksheet For Kids - Part 71 | Free Printable,Printable Tracing worksheet designed for Kindergarten students. Easy and fun math practice.,https://mathworksheetkidscraft.github.io/html/printable-tracing-worksheet-for-kids-part-71-2383.html,https://mathworksheetkidscraft.github.io/images/printable-tracing-worksheet-for-kids-part-71-2383.jpg,Elementary Math Activities,03/31/2026 08:36:00 AM
Math Word Problem Worksheet,Teachers and parents love this Word Problem worksheet for Grade 3. Download and print instantly.,https://mathworksheetkidscraft.github.io/html/math-word-problem-worksheet-5573.html,https://mathworksheetkidscraft.github.io/images/math-word-problem-worksheet-5573.jpg,Elementary Math Activities,03/31/2026 11:08:00 AM
Grade 3 Addition Practice Worksheet (23 Problems) - Part 73 | Printable Practice,Free printable Addition worksheet for Grade 3. Perfect for homeschool practice and classroom activities.,https://mathworksheetkidscraft.github.io/html/grade-3-addition-practice-worksheet-23-problems-part-73-6552.html,https://mathworksheetkidscraft.github.io/images/grade-3-addition-practice-worksheet-23-problems-part-73-6552.jpg,Elementary Math Activities,03/31/2026 01:35:00 PM
5 Free Count and Color Worksheets for Kindergarten,Help kids master Count and Color with this printable worksheet for Kindergarten. Great for daily math practice.,https://mathworksheetkidscraft.github.io/html/5-free-count-and-color-worksheets-for-kindergarten-7091.html,https://mathworksheetkidscraft.github.io/images/5-free-count-and-color-worksheets-for-kindergarten-7091.jpg,Math Practice Printables,03/31/2026 04:29:00 PM
Free Counting Objects Worksheet For Kindergarten - Part 75 | Printable Practice,Teachers and parents love this Counting Objects worksheet for Kindergarten. Download and print instantly.,https://mathworksheetkidscraft.github.io/html/free-counting-objects-worksheet-for-kindergarten-part-75-2001.html,https://mathworksheetkidscraft.github.io/images/free-counting-objects-worksheet-for-kindergarten-part-75-2001.jpg,Homeschool Math,03/31/2026 08:30:00 PM
Free 28 Division Math Worksheet For Grade 2 With Answers - Part 76 | Printable Practice,Free printable Division worksheet for Grade 2. Perfect for homeschool practice and classroom activities.,https://mathworksheetkidscraft.github.io/html/free-28-division-math-worksheet-for-grade-2-with-answers-part-76-2137.html,https://mathworksheetkidscraft.github.io/images/free-28-division-math-worksheet-for-grade-2-with-answers-part-76-2137.jpg,Math Practice Printables,04/01/2026 08:23:00 AM
Printable Math Skill Test Quiz Worksheet for Study,Printable Math worksheet designed for Math students. Easy and fun math practice.,https://mathworksheetkidscraft.github.io/html/printable-math-skill-test-quiz-worksheet-for-study-8242.html,https://mathworksheetkidscraft.github.io/images/printable-math-skill-test-quiz-worksheet-for-study-8242.jpg,Kids Math Worksheets,04/01/2026 11:06:00 AM
Missing Number Math Worksheet,Teachers and parents love this Missing Number worksheet for Grade 1. Download and print instantly.,https://mathworksheetkidscraft.github.io/html/missing-number-math-worksheet-4074.html,https://mathworksheetkidscraft.github.io/images/missing-number-math-worksheet-4074.jpg,Homeschool Math,04/01/2026 01:29:00 PM
Mixed Operations Math Worksheet,Free printable Mixed Operations worksheet for Grade 3. Perfect for homeschool practice and classroom activities.,https://mathworksheetkidscraft.github.io/html/mixed-operations-math-worksheet-2753.html,https://mathworksheetkidscraft.github.io/images/mixed-operations-math-worksheet-2753.jpg,Homeschool Math,04/01/2026 04:32:00 PM
Grade 2 Multiplication Practice Worksheet (12 Problems) - Part 80 | Printable Practice,Free printable Multiplication worksheet for Grade 2. Perfect for homeschool practice and classroom activities.,https://mathworksheetkidscraft.github.io/html/grade-2-multiplication-practice-worksheet-12-problems-part-80-3896.html,https://mathworksheetkidscraft.github.io/images/grade-2-multiplication-practice-worksheet-12-problems-part-80-3896.jpg,Math Practice Printables,04/01/2026 08:26:00 PM
Free 14 Subtraction Math Worksheet For Grade 3 - Part 81 | Printable Practice,Fun and engaging Subtraction worksheet for Grade 3. Perfect printable math practice.,https://mathworksheetkidscraft.github.io/html/free-14-subtraction-math-worksheet-for-grade-3-part-81-7241.html,https://mathworksheetkidscraft.github.io/images/free-14-subtraction-math-worksheet-for-grade-3-part-81-7241.jpg,Math Practice Printables,04/02/2026 08:27:00 AM
Grade 2 Multiplication Table 5 Practice - Part 82 | Printable Practice,Teachers and parents love this Times Table worksheet for Grade 2. Download and print instantly.,https://mathworksheetkidscraft.github.io/html/grade-2-multiplication-table-5-practice-part-82-7175.html,https://mathworksheetkidscraft.github.io/images/grade-2-multiplication-table-5-practice-part-82-7175.jpg,Homeschool Math,04/02/2026 11:05:00 AM
Printable Tracing Worksheet For Kids - Part 83 | Free Printable,Fun and engaging Tracing worksheet for Preschool. Perfect printable math practice.,https://mathworksheetkidscraft.github.io/html/printable-tracing-worksheet-for-kids-part-83-8911.html,https://mathworksheetkidscraft.github.io/images/printable-tracing-worksheet-for-kids-part-83-8911.jpg,Homeschool Math,04/02/2026 01:30:00 PM
Math Word Problem Worksheet,Help kids master Word Problem with this printable worksheet for Grade 3. Great for daily math practice.,https://mathworksheetkidscraft.github.io/html/math-word-problem-worksheet-6293.html,https://mathworksheetkidscraft.github.io/images/math-word-problem-worksheet-6293.jpg,Kids Math Worksheets,04/02/2026 04:35:00 PM
Grade 5 Addition Practice Worksheet (10 Problems) - Part 85 | Printable Practice,Fun and engaging Addition worksheet for Grade 5. Perfect printable math practice.,https://mathworksheetkidscraft.github.io/html/grade-5-addition-practice-worksheet-10-problems-part-85-2067.html,https://mathworksheetkidscraft.github.io/images/grade-5-addition-practice-worksheet-10-problems-part-85-2067.jpg,Homeschool Math,04/02/2026 08:27:00 PM
Fun Count and Color Objects Worksheet for Grade 1,Printable Count and Color worksheet designed for Grade 1 students. Easy and fun math practice.,https://mathworksheetkidscraft.github.io/html/fun-count-and-color-objects-worksheet-for-grade-1-4735.html,https://mathworksheetkidscraft.github.io/images/fun-count-and-color-objects-worksheet-for-grade-1-4735.jpg,Elementary Math Activities,04/03/2026 08:35:00 AM
Learn Counting With Pictures Worksheet (Pre-K) - Part 87 | Printable Practice,Free printable Counting Objects worksheet for Pre-K. Perfect for homeschool practice and classroom activities.,https://mathworksheetkidscraft.github.io/html/learn-counting-with-pictures-worksheet-pre-k-part-87-6667.html,https://mathworksheetkidscraft.github.io/images/learn-counting-with-pictures-worksheet-pre-k-part-87-6667.jpg,Math Practice Printables,04/03/2026 11:05:00 AM
Printable Free 29 Division Math Worksheet For Grade 2 - Part 88 | Printable Practice,Free printable Division worksheet for Grade 2. Perfect for homeschool practice and classroom activities.,https://mathworksheetkidscraft.github.io/html/printable-free-29-division-math-worksheet-for-grade-2-part-88-8446.html,https://mathworksheetkidscraft.github.io/images/printable-free-29-division-math-worksheet-for-grade-2-part-88-8446.jpg,Math Practice Printables,04/03/2026 01:23:00 PM
Advanced Math Challenge Test Worksheet for Study,Free printable Math worksheet for Math. Perfect for homeschool practice and classroom activities.,https://mathworksheetkidscraft.github.io/html/advanced-math-challenge-test-worksheet-for-study-3547.html,https://mathworksheetkidscraft.github.io/images/advanced-math-challenge-test-worksheet-for-study-3547.jpg,Math Practice Printables,04/03/2026 04:28:00 PM
Missing Number Math Worksheet,Teachers and parents love this Missing Number worksheet for Grade 1. Download and print instantly.,https://mathworksheetkidscraft.github.io/html/missing-number-math-worksheet-7108.html,https://mathworksheetkidscraft.github.io/images/missing-number-math-worksheet-7108.jpg,Elementary Math Activities,04/03/2026 08:31:00 PM
Mixed Operations Math Worksheet,Help kids master Mixed Operations with this printable worksheet for Grade 3. Great for daily math practice.,https://mathworksheetkidscraft.github.io/html/mixed-operations-math-worksheet-3057.html,https://mathworksheetkidscraft.github.io/images/mixed-operations-math-worksheet-3057.jpg,Homeschool Math,04/04/2026 08:36:00 AM
Free 18 Multiplication Math Worksheet For Grade 2 With Answers - Part 92 | Printable Practice,Help kids master Multiplication with this printable worksheet for Grade 2. Great for daily math practice.,https://mathworksheetkidscraft.github.io/html/free-18-multiplication-math-worksheet-for-grade-2-with-answers-part-92-3022.html,https://mathworksheetkidscraft.github.io/images/free-18-multiplication-math-worksheet-for-grade-2-with-answers-part-92-3022.jpg,Printable Worksheets,04/04/2026 11:00:00 AM
Free 24 Subtraction Math Worksheet For Grade 5 - Part 93 | Printable Practice,Help kids master Subtraction with this printable worksheet for Grade 5. Great for daily math practice.,https://mathworksheetkidscraft.github.io/html/free-24-subtraction-math-worksheet-for-grade-5-part-93-8391.html,https://mathworksheetkidscraft.github.io/images/free-24-subtraction-math-worksheet-for-grade-5-part-93-8391.jpg,Printable Worksheets,04/04/2026 01:24:00 PM
Grade 4 Multiplication Table 11 Practice - Part 94 | Printable Practice,Fun and engaging Times Table worksheet for Grade 4. Perfect printable math practice.,https://mathworksheetkidscraft.github.io/html/grade-4-multiplication-table-11-practice-part-94-2700.html,https://mathworksheetkidscraft.github.io/images/grade-4-multiplication-table-11-practice-part-94-2700.jpg,Math Practice Printables,04/04/2026 04:25:00 PM
Printable Tracing Worksheet For Kids - Part 95 | Free Printable,Teachers and parents love this Tracing worksheet for Kindergarten. Download and print instantly.,https://mathworksheetkidscraft.github.io/html/printable-tracing-worksheet-for-kids-part-95-9806.html,https://mathworksheetkidscraft.github.io/images/printable-tracing-worksheet-for-kids-part-95-9806.jpg,Printable Worksheets,04/04/2026 08:29:00 PM
Math Word Problem Worksheet,Printable Word Problem worksheet designed for Grade 3 students. Easy and fun math practice.,https://mathworksheetkidscraft.github.io/html/math-word-problem-worksheet-2395.html,https://mathworksheetkidscraft.github.io/images/math-word-problem-worksheet-2395.jpg,Math Practice Printables,04/05/2026 08:33:00 AM
Free 16 Addition Math Worksheet For Grade 5 With Answers - Part 97 | Printable Practice,Fun and engaging Addition worksheet for Grade 5. Perfect printable math practice.,https://mathworksheetkidscraft.github.io/html/free-16-addition-math-worksheet-for-grade-5-with-answers-part-97-9945.html,https://mathworksheetkidscraft.github.io/images/free-16-addition-math-worksheet-for-grade-5-with-answers-part-97-9945.jpg,Printable Worksheets,04/05/2026 11:02:00 AM
Printable Count and Color Worksheet for Preschool Kids,Printable Count and Color worksheet designed for Preschool students. Easy and fun math practice.,https://mathworksheetkidscraft.github.io/html/printable-count-and-color-worksheet-for-preschool-kids-5498.html,https://mathworksheetkidscraft.github.io/images/printable-count-and-color-worksheet-for-preschool-kids-5498.jpg,Printable Worksheets,04/05/2026 01:37:00 PM
Free Counting Objects Worksheet For Kindergarten Printable - Part 99 | Printable Practice,Help kids master Counting Objects with this printable worksheet for Kindergarten. Great for daily math practice.,https://mathworksheetkidscraft.github.io/html/free-counting-objects-worksheet-for-kindergarten-printable-part-99-4535.html,https://mathworksheetkidscraft.github.io/images/free-counting-objects-worksheet-for-kindergarten-printable-part-99-4535.jpg,Homeschool Math,04/05/2026 04:26:00 PM
Free 13 Division Math Worksheet For Grade 1 With Answers - Part 100 | Printable Practice,Teachers and parents love this Division worksheet for Grade 1. Download and print instantly.,https://mathworksheetkidscraft.github.io/html/free-13-division-math-worksheet-for-grade-1-with-answers-part-100-2111.html,https://mathworksheetkidscraft.github.io/images/free-13-division-math-worksheet-for-grade-1-with-answers-part-100-2111.jpg,Homeschool Math,04/05/2026 08:30:00 PM
4 Mathematics Practice Worksheet,Printable Math worksheet designed for Math students. Easy and fun math practice.,https://mathworksheetkidscraft.github.io/html/4-mathematics-practice-worksheet-5323.html,https://mathworksheetkidscraft.github.io/images/4-mathematics-practice-worksheet-5323.jpg,Homeschool Math,04/06/2026 08:37:00 AM
Missing Number Math Worksheet,Printable Missing Number worksheet designed for Grade 1 students. Easy and fun math practice.,https://mathworksheetkidscraft.github.io/html/missing-number-math-worksheet-1379.html,https://mathworksheetkidscraft.github.io/images/missing-number-math-worksheet-1379.jpg,Homeschool Math,04/06/2026 11:08:00 AM
Mixed Operations Math Worksheet,Free printable Mixed Operations worksheet for Grade 3. Perfect for homeschool practice and classroom activities.,https://mathworksheetkidscraft.github.io/html/mixed-operations-math-worksheet-7001.html,https://mathworksheetkidscraft.github.io/images/mixed-operations-math-worksheet-7001.jpg,Printable Worksheets,04/06/2026 01:23:00 PM
Printable Free 24 Multiplication Math Worksheet For Grade 2 - Part 104 | Printable Practice,Free printable Multiplication worksheet for Grade 2. Perfect for homeschool practice and classroom activities.,https://mathworksheetkidscraft.github.io/html/printable-free-24-multiplication-math-worksheet-for-grade-2-part-104-3607.html,https://mathworksheetkidscraft.github.io/images/printable-free-24-multiplication-math-worksheet-for-grade-2-part-104-3607.jpg,Elementary Math Activities,04/06/2026 04:31:00 PM
Grade 2 Subtraction Practice Worksheet (18 Problems) - Part 105 | Printable Practice,Help kids master Subtraction with this printable worksheet for Grade 2. Great for daily math practice.,https://mathworksheetkidscraft.github.io/html/grade-2-subtraction-practice-worksheet-18-problems-part-105-5040.html,https://mathworksheetkidscraft.github.io/images/grade-2-subtraction-practice-worksheet-18-problems-part-105-5040.jpg,Kids Math Worksheets,04/06/2026 08:26:00 PM
9 Times Table Worksheet For Grade 3 With Answers - Part 106 | Printable Practice,Help kids master Times Table with this printable worksheet for Grade 3. Great for daily math practice.,https://mathworksheetkidscraft.github.io/html/9-times-table-worksheet-for-grade-3-with-answers-part-106-6915.html,https://mathworksheetkidscraft.github.io/images/9-times-table-worksheet-for-grade-3-with-answers-part-106-6915.jpg,Homeschool Math,04/07/2026 08:35:00 AM
Printable Tracing Worksheet For Kids - Part 107 | Free Printable,Free printable Tracing worksheet for Preschool. Perfect for homeschool practice and classroom activities.,https://mathworksheetkidscraft.github.io/html/printable-tracing-worksheet-for-kids-part-107-3831.html,https://mathworksheetkidscraft.github.io/images/printable-tracing-worksheet-for-kids-part-107-3831.jpg,Homeschool Math,04/07/2026 11:08:00 AM
Math Word Problem Worksheet,Printable Word Problem worksheet designed for Grade 3 students. Easy and fun math practice.,https://mathworksheetkidscraft.github.io/html/math-word-problem-worksheet-9433.html,https://mathworksheetkidscraft.github.io/images/math-word-problem-worksheet-9433.jpg,Homeschool Math,04/07/2026 01:31:00 PM
Printable Free 30 Addition Math Worksheet For Grade 3 - Part 109 | Printable Practice,Printable Addition worksheet designed for Grade 3 students. Easy and fun math practice.,https://mathworksheetkidscraft.github.io/html/printable-free-30-addition-math-worksheet-for-grade-3-part-109-5027.html,https://mathworksheetkidscraft.github.io/images/printable-free-30-addition-math-worksheet-for-grade-3-part-109-5027.jpg,Math Practice Printables,04/07/2026 04:34:00 PM
4 Free Count and Color Worksheets for Preschool,Free printable Count and Color worksheet for Preschool. Perfect for homeschool practice and classroom activities.,https://mathworksheetkidscraft.github.io/html/4-free-count-and-color-worksheets-for-preschool-8283.html,https://mathworksheetkidscraft.github.io/images/4-free-count-and-color-worksheets-for-preschool-8283.jpg,Kids Math Worksheets,04/07/2026 08:36:00 PM
Kindergarten Count The Objects Worksheet - Part 111 | Printable Practice,Printable Counting Objects worksheet designed for Kindergarten students. Easy and fun math practice.,https://mathworksheetkidscraft.github.io/html/kindergarten-count-the-objects-worksheet-part-111-3714.html,https://mathworksheetkidscraft.github.io/images/kindergarten-count-the-objects-worksheet-part-111-3714.jpg,Elementary Math Activities,04/08/2026 08:26:00 AM
Grade 2 Division Practice Worksheet (27 Problems) - Part 112 | Printable Practice,Help kids master Division with this printable worksheet for Grade 2. Great for daily math practice.,https://mathworksheetkidscraft.github.io/html/grade-2-division-practice-worksheet-27-problems-part-112-9800.html,https://mathworksheetkidscraft.github.io/images/grade-2-division-practice-worksheet-27-problems-part-112-9800.jpg,Kids Math Worksheets,04/08/2026 11:00:00 AM
4 Mathematics Quiz Practice Worksheet,Help kids master Math with this printable worksheet for Math. Great for daily math practice.,https://mathworksheetkidscraft.github.io/html/4-mathematics-quiz-practice-worksheet-2075.html,https://mathworksheetkidscraft.github.io/images/4-mathematics-quiz-practice-worksheet-2075.jpg,Kids Math Worksheets,04/08/2026 01:34:00 PM
Missing Number Math Worksheet,Fun and engaging Missing Number worksheet for Grade 1. Perfect printable math practice.,https://mathworksheetkidscraft.github.io/html/missing-number-math-worksheet-7914.html,https://mathworksheetkidscraft.github.io/images/missing-number-math-worksheet-7914.jpg,Math Practice Printables,04/08/2026 04:22:00 PM
Mixed Operations Math Worksheet,Help kids master Mixed Operations with this printable worksheet for Grade 3. Great for daily math practice.,https://mathworksheetkidscraft.github.io/html/mixed-operations-math-worksheet-1213.html,https://mathworksheetkidscraft.github.io/images/mixed-operations-math-worksheet-1213.jpg,Homeschool Math,04/08/2026 08:31:00 PM
Free 29 Multiplication Math Worksheet For Grade 2 With Answers - Part 116 | Printable Practice,Teachers and parents love this Multiplication worksheet for Grade 2. Download and print instantly.,https://mathworksheetkidscraft.github.io/html/free-29-multiplication-math-worksheet-for-grade-2-with-answers-part-116-9498.html,https://mathworksheetkidscraft.github.io/images/free-29-multiplication-math-worksheet-for-grade-2-with-answers-part-116-9498.jpg,Kids Math Worksheets,04/09/2026 08:33:00 AM
Free 18 Subtraction Math Worksheet For Grade 5 - Part 117 | Printable Practice,Help kids master Subtraction with this printable worksheet for Grade 5. Great for daily math practice.,https://mathworksheetkidscraft.github.io/html/free-18-subtraction-math-worksheet-for-grade-5-part-117-2793.html,https://mathworksheetkidscraft.github.io/images/free-18-subtraction-math-worksheet-for-grade-5-part-117-2793.jpg,Printable Worksheets,04/09/2026 11:03:00 AM
Grade 2 Multiplication Table 3 Practice - Part 118 | Printable Practice,Help kids master Times Table with this printable worksheet for Grade 2. Great for daily math practice.,https://mathworksheetkidscraft.github.io/html/grade-2-multiplication-table-3-practice-part-118-6379.html,https://mathworksheetkidscraft.github.io/images/grade-2-multiplication-table-3-practice-part-118-6379.jpg,Math Practice Printables,04/09/2026 01:27:00 PM
Printable Tracing Worksheet For Kids - Part 119 | Free Printable,Help kids master Tracing with this printable worksheet for Preschool. Great for daily math practice.,https://mathworksheetkidscraft.github.io/html/printable-tracing-worksheet-for-kids-part-119-6536.html,https://mathworksheetkidscraft.github.io/images/printable-tracing-worksheet-for-kids-part-119-6536.jpg,Math Practice Printables,04/09/2026 04:23:00 PM
Math Word Problem Worksheet,Help kids master Word Problem with this printable worksheet for Grade 3. Great for daily math practice.,https://mathworksheetkidscraft.github.io/html/math-word-problem-worksheet-8859.html,https://mathworksheetkidscraft.github.io/images/math-word-problem-worksheet-8859.jpg,Math Practice Printables,04/09/2026 08:37:00 PM
Grade 1 Addition Practice Worksheet (14 Problems) - Part 121 | Printable Practice,Printable Addition worksheet designed for Grade 1 students. Easy and fun math practice.,https://mathworksheetkidscraft.github.io/html/grade-1-addition-practice-worksheet-14-problems-part-121-5681.html,https://mathworksheetkidscraft.github.io/images/grade-1-addition-practice-worksheet-14-problems-part-121-5681.jpg,Homeschool Math,04/10/2026 08:30:00 AM
Kindergarten Count and Color Shapes Worksheet,Fun and engaging Count and Color worksheet for Kindergarten. Perfect printable math practice.,https://mathworksheetkidscraft.github.io/html/kindergarten-count-and-color-shapes-worksheet-6785.html,https://mathworksheetkidscraft.github.io/images/kindergarten-count-and-color-shapes-worksheet-6785.jpg,Elementary Math Activities,04/10/2026 11:00:00 AM
Free Counting Objects Worksheet For Pre-K - Part 123 | Printable Practice,Help kids master Counting Objects with this printable worksheet for Pre-K. Great for daily math practice.,https://mathworksheetkidscraft.github.io/html/free-counting-objects-worksheet-for-pre-k-part-123-2654.html,https://mathworksheetkidscraft.github.io/images/free-counting-objects-worksheet-for-pre-k-part-123-2654.jpg,Printable Worksheets,04/10/2026 01:36:00 PM
Free 25 Division Math Worksheet For Grade 1 - Part 124 | Printable Practice,Printable Division worksheet designed for Grade 1 students. Easy and fun math practice.,https://mathworksheetkidscraft.github.io/html/free-25-division-math-worksheet-for-grade-1-part-124-4225.html,https://mathworksheetkidscraft.github.io/images/free-25-division-math-worksheet-for-grade-1-part-124-4225.jpg,Kids Math Worksheets,04/10/2026 04:32:00 PM
7 Math Trivia Practice Worksheet,Fun and engaging Math worksheet for Math. Perfect printable math practice.,https://mathworksheetkidscraft.github.io/html/7-math-trivia-practice-worksheet-3177.html,https://mathworksheetkidscraft.github.io/images/7-math-trivia-practice-worksheet-3177.jpg,Kids Math Worksheets,04/10/2026 08:34:00 PM
Missing Number Math Worksheet,Printable Missing Number worksheet designed for Grade 1 students. Easy and fun math practice.,https://mathworksheetkidscraft.github.io/html/missing-number-math-worksheet-2347.html,https://mathworksheetkidscraft.github.io/images/missing-number-math-worksheet-2347.jpg,Math Practice Printables,04/11/2026 08:30:00 AM
Mixed Operations Math Worksheet,Help kids master Mixed Operations with this printable worksheet for Grade 3. Great for daily math practice.,https://mathworksheetkidscraft.github.io/html/mixed-operations-math-worksheet-6383.html,https://mathworksheetkidscraft.github.io/images/mixed-operations-math-worksheet-6383.jpg,Printable Worksheets,04/11/2026 11:00:00 AM
Free 21 Multiplication Math Worksheet For Grade 2 - Part 128 | Printable Practice,Printable Multiplication worksheet designed for Grade 2 students. Easy and fun math practice.,https://mathworksheetkidscraft.github.io/html/free-21-multiplication-math-worksheet-for-grade-2-part-128-4066.html,https://mathworksheetkidscraft.github.io/images/free-21-multiplication-math-worksheet-for-grade-2-part-128-4066.jpg,Elementary Math Activities,04/11/2026 01:29:00 PM
Free 25 Subtraction Math Worksheet For Grade 5 With Answers - Part 129 | Printable Practice,Free printable Subtraction worksheet for Grade 5. Perfect for homeschool practice and classroom activities.,https://mathworksheetkidscraft.github.io/html/free-25-subtraction-math-worksheet-for-grade-5-with-answers-part-129-4717.html,https://mathworksheetkidscraft.github.io/images/free-25-subtraction-math-worksheet-for-grade-5-with-answers-part-129-4717.jpg,Math Practice Printables,04/11/2026 04:33:00 PM
Grade 4 Multiplication Table 12 Practice - Part 130 | Printable Practice,Free printable Times Table worksheet for Grade 4. Perfect for homeschool practice and classroom activities.,https://mathworksheetkidscraft.github.io/html/grade-4-multiplication-table-12-practice-part-130-6010.html,https://mathworksheetkidscraft.github.io/images/grade-4-multiplication-table-12-practice-part-130-6010.jpg,Kids Math Worksheets,04/11/2026 08:32:00 PM
Printable Tracing Worksheet For Kids - Part 131 | Free Printable,Help kids master Tracing with this printable worksheet for Kindergarten. Great for daily math practice.,https://mathworksheetkidscraft.github.io/html/printable-tracing-worksheet-for-kids-part-131-6138.html,https://mathworksheetkidscraft.github.io/images/printable-tracing-worksheet-for-kids-part-131-6138.jpg,Math Practice Printables,04/12/2026 08:36:00 AM
Math Word Problem Worksheet,Printable Word Problem worksheet designed for Grade 3 students. Easy and fun math practice.,https://mathworksheetkidscraft.github.io/html/math-word-problem-worksheet-2890.html,https://mathworksheetkidscraft.github.io/images/math-word-problem-worksheet-2890.jpg,Math Practice Printables,04/12/2026 11:07:00 AM
Free 17 Addition Math Worksheet For Grade 5 With Answers - Part 133 | Printable Practice,Fun and engaging Addition worksheet for Grade 5. Perfect printable math practice.,https://mathworksheetkidscraft.github.io/html/free-17-addition-math-worksheet-for-grade-5-with-answers-part-133-8114.html,https://mathworksheetkidscraft.github.io/images/free-17-addition-math-worksheet-for-grade-5-with-answers-part-133-8114.jpg,Homeschool Math,04/12/2026 01:37:00 PM
5 Free Count and Color Worksheets for Grade 1,Printable Count and Color worksheet designed for Grade 1 students. Easy and fun math practice.,https://mathworksheetkidscraft.github.io/html/5-free-count-and-color-worksheets-for-grade-1-9698.html,https://mathworksheetkidscraft.github.io/images/5-free-count-and-color-worksheets-for-grade-1-9698.jpg,Homeschool Math,04/12/2026 04:36:00 PM
Kindergarten Count The Objects Worksheet - Part 135 | Printable Practice,Help kids master Counting Objects with this printable worksheet for Kindergarten. Great for daily math practice.,https://mathworksheetkidscraft.github.io/html/kindergarten-count-the-objects-worksheet-part-135-9594.html,https://mathworksheetkidscraft.github.io/images/kindergarten-count-the-objects-worksheet-part-135-9594.jpg,Homeschool Math,04/12/2026 08:37:00 PM
Free 15 Division Math Worksheet For Grade 2 With Answers - Part 136 | Printable Practice,Teachers and parents love this Division worksheet for Grade 2. Download and print instantly.,https://mathworksheetkidscraft.github.io/html/free-15-division-math-worksheet-for-grade-2-with-answers-part-136-4321.html,https://mathworksheetkidscraft.github.io/images/free-15-division-math-worksheet-for-grade-2-with-answers-part-136-4321.jpg,Homeschool Math,04/13/2026 08:36:00 AM
Free Printable Math Quiz Printable Worksheet,Teachers and parents love this Math worksheet for Math. Download and print instantly.,https://mathworksheetkidscraft.github.io/html/free-printable-math-quiz-printable-worksheet-3414.html,https://mathworksheetkidscraft.github.io/images/free-printable-math-quiz-printable-worksheet-3414.jpg,Kids Math Worksheets,04/13/2026 11:02:00 AM
Missing Number Math Worksheet,Printable Missing Number worksheet designed for Grade 1 students. Easy and fun math practice.,https://mathworksheetkidscraft.github.io/html/missing-number-math-worksheet-2088.html,https://mathworksheetkidscraft.github.io/images/missing-number-math-worksheet-2088.jpg,Homeschool Math,04/13/2026 01:38:00 PM
Mixed Operations Math Worksheet,Free printable Mixed Operations worksheet for Grade 3. Perfect for homeschool practice and classroom activities.,https://mathworksheetkidscraft.github.io/html/mixed-operations-math-worksheet-9876.html,https://mathworksheetkidscraft.github.io/images/mixed-operations-math-worksheet-9876.jpg,Elementary Math Activities,04/13/2026 04:33:00 PM
Free 22 Multiplication Math Worksheet For Grade 1 With Answers - Part 140 | Printable Practice,Fun and engaging Multiplication worksheet for Grade 1. Perfect printable math practice.,https://mathworksheetkidscraft.github.io/html/free-22-multiplication-math-worksheet-for-grade-1-with-answers-part-140-2183.html,https://mathworksheetkidscraft.github.io/images/free-22-multiplication-math-worksheet-for-grade-1-with-answers-part-140-2183.jpg,Kids Math Worksheets,04/13/2026 08:25:00 PM
Grade 2 Subtraction Practice Worksheet (29 Problems) - Part 141 | Printable Practice,Help kids master Subtraction with this printable worksheet for Grade 2. Great for daily math practice.,https://mathworksheetkidscraft.github.io/html/grade-2-subtraction-practice-worksheet-29-problems-part-141-5848.html,https://mathworksheetkidscraft.github.io/images/grade-2-subtraction-practice-worksheet-29-problems-part-141-5848.jpg,Kids Math Worksheets,04/14/2026 08:29:00 AM
Grade 4 Multiplication Table 12 Practice - Part 142 | Printable Practice,Free printable Times Table worksheet for Grade 4. Perfect for homeschool practice and classroom activities.,https://mathworksheetkidscraft.github.io/html/grade-4-multiplication-table-12-practice-part-142-3481.html,https://mathworksheetkidscraft.github.io/images/grade-4-multiplication-table-12-practice-part-142-3481.jpg,Elementary Math Activities,04/14/2026 11:00:00 AM
Printable Tracing Worksheet For Kids - Part 143 | Free Printable,Teachers and parents love this Tracing worksheet for Preschool. Download and print instantly.,https://mathworksheetkidscraft.github.io/html/printable-tracing-worksheet-for-kids-part-143-8963.html,https://mathworksheetkidscraft.github.io/images/printable-tracing-worksheet-for-kids-part-143-8963.jpg,Kids Math Worksheets,04/14/2026 01:35:00 PM
Math Word Problem Worksheet,Free printable Word Problem worksheet for Grade 3. Perfect for homeschool practice and classroom activities.,https://mathworksheetkidscraft.github.io/html/math-word-problem-worksheet-8945.html,https://mathworksheetkidscraft.github.io/images/math-word-problem-worksheet-8945.jpg,Kids Math Worksheets,04/14/2026 04:32:00 PM
Printable Free 11 Addition Math Worksheet For Grade 3 - Part 145 | Printable Practice,Teachers and parents love this Addition worksheet for Grade 3. Download and print instantly.,https://mathworksheetkidscraft.github.io/html/printable-free-11-addition-math-worksheet-for-grade-3-part-145-9133.html,https://mathworksheetkidscraft.github.io/images/printable-free-11-addition-math-worksheet-for-grade-3-part-145-9133.jpg,Homeschool Math,04/14/2026 08:28:00 PM
"Count and Color Star, Star, Ball Worksheet for Kids",Help kids master Count and Color with this printable worksheet for Kindergarten. Great for daily math practice.,https://mathworksheetkidscraft.github.io/html/count-and-color-star-star-ball-worksheet-for-kids-5857.html,https://mathworksheetkidscraft.github.io/images/count-and-color-star-star-ball-worksheet-for-kids-5857.jpg,Kids Math Worksheets,04/15/2026 08:36:00 AM
Kindergarten Count The Objects Worksheet - Part 147 | Printable Practice,Free printable Counting Objects worksheet for Kindergarten. Perfect for homeschool practice and classroom activities.,https://mathworksheetkidscraft.github.io/html/kindergarten-count-the-objects-worksheet-part-147-4985.html,https://mathworksheetkidscraft.github.io/images/kindergarten-count-the-objects-worksheet-part-147-4985.jpg,Homeschool Math,04/15/2026 11:00:00 AM
Printable Free 12 Division Math Worksheet For Grade 2 - Part 148 | Printable Practice,Teachers and parents love this Division worksheet for Grade 2. Download and print instantly.,https://mathworksheetkidscraft.github.io/html/printable-free-12-division-math-worksheet-for-grade-2-part-148-8316.html,https://mathworksheetkidscraft.github.io/images/printable-free-12-division-math-worksheet-for-grade-2-part-148-8316.jpg,Elementary Math Activities,04/15/2026 01:32:00 PM
7 Mathematics Practice for High School Students,Free printable Math worksheet for Math. Perfect for homeschool practice and classroom activities.,https://mathworksheetkidscraft.github.io/html/7-mathematics-practice-for-high-school-students-2449.html,https://mathworksheetkidscraft.github.io/images/7-mathematics-practice-for-high-school-students-2449.jpg,Homeschool Math,04/15/2026 04:28:00 PM
Missing Number Math Worksheet,Free printable Missing Number worksheet for Grade 1. Perfect for homeschool practice and classroom activities.,https://mathworksheetkidscraft.github.io/html/missing-number-math-worksheet-3023.html,https://mathworksheetkidscraft.github.io/images/missing-number-math-worksheet-3023.jpg,Homeschool Math,04/15/2026 08:36:00 PM
Mixed Operations Math Worksheet,Printable Mixed Operations worksheet designed for Grade 3 students. Easy and fun math practice.,https://mathworksheetkidscraft.github.io/html/mixed-operations-math-worksheet-8808.html,https://mathworksheetkidscraft.github.io/images/mixed-operations-math-worksheet-8808.jpg,Kids Math Worksheets,04/16/2026 08:37:00 AM
Free 30 Multiplication Math Worksheet For Grade 2 With Answers - Part 152 | Printable Practice,Free printable Multiplication worksheet for Grade 2. Perfect for homeschool practice and classroom activities.,https://mathworksheetkidscraft.github.io/html/free-30-multiplication-math-worksheet-for-grade-2-with-answers-part-152-5320.html,https://mathworksheetkidscraft.github.io/images/free-30-multiplication-math-worksheet-for-grade-2-with-answers-part-152-5320.jpg,Kids Math Worksheets,04/16/2026 11:00:00 AM
Free 10 Subtraction Math Worksheet For Grade 3 - Part 153 | Printable Practice,Fun and engaging Subtraction worksheet for Grade 3. Perfect printable math practice.,https://mathworksheetkidscraft.github.io/html/free-10-subtraction-math-worksheet-for-grade-3-part-153-4829.html,https://mathworksheetkidscraft.github.io/images/free-10-subtraction-math-worksheet-for-grade-3-part-153-4829.jpg,Elementary Math Activities,04/16/2026 01:37:00 PM
Printable 12 Times Table Worksheet For Grade 4 - Part 154 | Printable Practice,Printable Times Table worksheet designed for Grade 4 students. Easy and fun math practice.,https://mathworksheetkidscraft.github.io/html/printable-12-times-table-worksheet-for-grade-4-part-154-8723.html,https://mathworksheetkidscraft.github.io/images/printable-12-times-table-worksheet-for-grade-4-part-154-8723.jpg,Printable Worksheets,04/16/2026 04:28:00 PM
Printable Tracing Worksheet For Kids - Part 155 | Free Printable,Teachers and parents love this Tracing worksheet for Preschool. Download and print instantly.,https://mathworksheetkidscraft.github.io/html/printable-tracing-worksheet-for-kids-part-155-3472.html,https://mathworksheetkidscraft.github.io/images/printable-tracing-worksheet-for-kids-part-155-3472.jpg,Kids Math Worksheets,04/16/2026 08:26:00 PM
Math Word Problem Worksheet,Fun and engaging Word Problem worksheet for Grade 3. Perfect printable math practice.,https://mathworksheetkidscraft.github.io/html/math-word-problem-worksheet-2924.html,https://mathworksheetkidscraft.github.io/images/math-word-problem-worksheet-2924.jpg,Math Practice Printables,04/17/2026 08:29:00 AM
Printable Free 28 Addition Math Worksheet For Grade 3 - Part 157 | Printable Practice,Teachers and parents love this Addition worksheet for Grade 3. Download and print instantly.,https://mathworksheetkidscraft.github.io/html/printable-free-28-addition-math-worksheet-for-grade-3-part-157-6943.html,https://mathworksheetkidscraft.github.io/images/printable-free-28-addition-math-worksheet-for-grade-3-part-157-6943.jpg,Math Practice Printables,04/17/2026 11:02:00 AM
Grade 1 Count and Color Shapes Worksheet,Fun and engaging Count and Color worksheet for Grade 1. Perfect printable math practice.,https://mathworksheetkidscraft.github.io/html/grade-1-count-and-color-shapes-worksheet-9180.html,https://mathworksheetkidscraft.github.io/images/grade-1-count-and-color-shapes-worksheet-9180.jpg,Homeschool Math,04/17/2026 01:32:00 PM
Kindergarten Count The Objects Worksheet - Part 159 | Printable Practice,Printable Counting Objects worksheet designed for Kindergarten students. Easy and fun math practice.,https://mathworksheetkidscraft.github.io/html/kindergarten-count-the-objects-worksheet-part-159-6094.html,https://mathworksheetkidscraft.github.io/images/kindergarten-count-the-objects-worksheet-part-159-6094.jpg,Homeschool Math,04/17/2026 04:32:00 PM
Free 30 Division Math Worksheet For Grade 2 With Answers - Part 160 | Printable Practice,Help kids master Division with this printable worksheet for Grade 2. Great for daily math practice.,https://mathworksheetkidscraft.github.io/html/free-30-division-math-worksheet-for-grade-2-with-answers-part-160-3399.html,https://mathworksheetkidscraft.github.io/images/free-30-division-math-worksheet-for-grade-2-with-answers-part-160-3399.jpg,Homeschool Math,04/17/2026 08:24:00 PM
4 Math Skill Test Worksheet for High School Students,Help kids master Math with this printable worksheet for Math. Great for daily math practice.,https://mathworksheetkidscraft.github.io/html/4-math-skill-test-worksheet-for-high-school-students-3558.html,https://mathworksheetkidscraft.github.io/images/4-math-skill-test-worksheet-for-high-school-students-3558.jpg,Math Practice Printables,04/18/2026 08:36:00 AM
Missing Number Math Worksheet,Free printable Missing Number worksheet for Grade 1. Perfect for homeschool practice and classroom activities.,https://mathworksheetkidscraft.github.io/html/missing-number-math-worksheet-9365.html,https://mathworksheetkidscraft.github.io/images/missing-number-math-worksheet-9365.jpg,Kids Math Worksheets,04/18/2026 11:02:00 AM
Mixed Operations Math Worksheet,Printable Mixed Operations worksheet designed for Grade 3 students. Easy and fun math practice.,https://mathworksheetkidscraft.github.io/html/mixed-operations-math-worksheet-9729.html,https://mathworksheetkidscraft.github.io/images/mixed-operations-math-worksheet-9729.jpg,Math Practice Printables,04/18/2026 01:30:00 PM
Free 12 Multiplication Math Worksheet For Grade 2 - Part 164 | Printable Practice,Teachers and parents love this Multiplication worksheet for Grade 2. Download and print instantly.,https://mathworksheetkidscraft.github.io/html/free-12-multiplication-math-worksheet-for-grade-2-part-164-4888.html,https://mathworksheetkidscraft.github.io/images/free-12-multiplication-math-worksheet-for-grade-2-part-164-4888.jpg,Homeschool Math,04/18/2026 04:27:00 PM
Free 10 Subtraction Math Worksheet For Grade 2 - Part 165 | Printable Practice,Help kids master Subtraction with this printable worksheet for Grade 2. Great for daily math practice.,https://mathworksheetkidscraft.github.io/html/free-10-subtraction-math-worksheet-for-grade-2-part-165-4223.html,https://mathworksheetkidscraft.github.io/images/free-10-subtraction-math-worksheet-for-grade-2-part-165-4223.jpg,Elementary Math Activities,04/18/2026 08:23:00 PM
Printable 12 Times Table Worksheet For Grade 4 - Part 166 | Printable Practice,Fun and engaging Times Table worksheet for Grade 4. Perfect printable math practice.,https://mathworksheetkidscraft.github.io/html/printable-12-times-table-worksheet-for-grade-4-part-166-8332.html,https://mathworksheetkidscraft.github.io/images/printable-12-times-table-worksheet-for-grade-4-part-166-8332.jpg,Homeschool Math,04/19/2026 08:34:00 AM
Printable Tracing Worksheet For Kids - Part 167 | Free Printable,Help kids master Tracing with this printable worksheet for Kindergarten. Great for daily math practice.,https://mathworksheetkidscraft.github.io/html/printable-tracing-worksheet-for-kids-part-167-4377.html,https://mathworksheetkidscraft.github.io/images/printable-tracing-worksheet-for-kids-part-167-4377.jpg,Math Practice Printables,04/19/2026 11:00:00 AM
Math Word Problem Worksheet,Teachers and parents love this Word Problem worksheet for Grade 3. Download and print instantly.,https://mathworksheetkidscraft.github.io/html/math-word-problem-worksheet-8682.html,https://mathworksheetkidscraft.github.io/images/math-word-problem-worksheet-8682.jpg,Homeschool Math,04/19/2026 01:28:00 PM
Grade 5 Addition Practice Worksheet (13 Problems) - Part 169 | Printable Practice,Teachers and parents love this Addition worksheet for Grade 5. Download and print instantly.,https://mathworksheetkidscraft.github.io/html/grade-5-addition-practice-worksheet-13-problems-part-169-2969.html,https://mathworksheetkidscraft.github.io/images/grade-5-addition-practice-worksheet-13-problems-part-169-2969.jpg,Homeschool Math,04/19/2026 04:36:00 PM
Printable Count and Color Worksheet for Preschool Kids,Printable Count and Color worksheet designed for Preschool students. Easy and fun math practice.,https://mathworksheetkidscraft.github.io/html/printable-count-and-color-worksheet-for-preschool-kids-2496.html,https://mathworksheetkidscraft.github.io/images/printable-count-and-color-worksheet-for-preschool-kids-2496.jpg,Printable Worksheets,04/19/2026 08:37:00 PM
Learn Counting With Pictures Worksheet (Kindergarten) - Part 171 | Printable Practice,Free printable Counting Objects worksheet for Kindergarten. Perfect for homeschool practice and classroom activities.,https://mathworksheetkidscraft.github.io/html/learn-counting-with-pictures-worksheet-kindergarten-part-171-3298.html,https://mathworksheetkidscraft.github.io/images/learn-counting-with-pictures-worksheet-kindergarten-part-171-3298.jpg,Kids Math Worksheets,04/20/2026 08:34:00 AM
Free 17 Division Math Worksheet For Grade 2 With Answers - Part 172 | Printable Practice,Help kids master Division with this printable worksheet for Grade 2. Great for daily math practice.,https://mathworksheetkidscraft.github.io/html/free-17-division-math-worksheet-for-grade-2-with-answers-part-172-1659.html,https://mathworksheetkidscraft.github.io/images/free-17-division-math-worksheet-for-grade-2-with-answers-part-172-1659.jpg,Elementary Math Activities,04/20/2026 11:02:00 AM
Daily Math Knowledge Test for Students (7 Questions),Help kids master Math with this printable worksheet for Math. Great for daily math practice.,https://mathworksheetkidscraft.github.io/html/daily-math-knowledge-test-for-students-7-questions-8562.html,https://mathworksheetkidscraft.github.io/images/daily-math-knowledge-test-for-students-7-questions-8562.jpg,Math Practice Printables,04/20/2026 01:22:00 PM
Missing Number Math Worksheet,Teachers and parents love this Missing Number worksheet for Grade 1. Download and print instantly.,https://mathworksheetkidscraft.github.io/html/missing-number-math-worksheet-7013.html,https://mathworksheetkidscraft.github.io/images/missing-number-math-worksheet-7013.jpg,Kids Math Worksheets,04/20/2026 04:24:00 PM
Mixed Operations Math Worksheet,Teachers and parents love this Mixed Operations worksheet for Grade 3. Download and print instantly.,https://mathworksheetkidscraft.github.io/html/mixed-operations-math-worksheet-8780.html,https://mathworksheetkidscraft.github.io/images/mixed-operations-math-worksheet-8780.jpg,Printable Worksheets,04/20/2026 08:30:00 PM
Free 30 Multiplication Math Worksheet For Grade 2 With Answers - Part 176 | Printable Practice,Fun and engaging Multiplication worksheet for Grade 2. Perfect printable math practice.,https://mathworksheetkidscraft.github.io/html/free-30-multiplication-math-worksheet-for-grade-2-with-answers-part-176-2398.html,https://mathworksheetkidscraft.github.io/images/free-30-multiplication-math-worksheet-for-grade-2-with-answers-part-176-2398.jpg,Printable Worksheets,04/21/2026 08:23:00 AM
Grade 3 Subtraction Practice Worksheet (19 Problems) - Part 177 | Printable Practice,Teachers and parents love this Subtraction worksheet for Grade 3. Download and print instantly.,https://mathworksheetkidscraft.github.io/html/grade-3-subtraction-practice-worksheet-19-problems-part-177-1573.html,https://mathworksheetkidscraft.github.io/images/grade-3-subtraction-practice-worksheet-19-problems-part-177-1573.jpg,Printable Worksheets,04/21/2026 11:07:00 AM
Printable 8 Times Table Worksheet For Grade 3 - Part 178 | Printable Practice,Fun and engaging Times Table worksheet for Grade 3. Perfect printable math practice.,https://mathworksheetkidscraft.github.io/html/printable-8-times-table-worksheet-for-grade-3-part-178-3327.html,https://mathworksheetkidscraft.github.io/images/printable-8-times-table-worksheet-for-grade-3-part-178-3327.jpg,Math Practice Printables,04/21/2026 01:22:00 PM
Printable Tracing Worksheet For Kids - Part 179 | Free Printable,Teachers and parents love this Tracing worksheet for Kindergarten. Download and print instantly.,https://mathworksheetkidscraft.github.io/html/printable-tracing-worksheet-for-kids-part-179-6919.html,https://mathworksheetkidscraft.github.io/images/printable-tracing-worksheet-for-kids-part-179-6919.jpg,Elementary Math Activities,04/21/2026 04:31:00 PM
Math Word Problem Worksheet,Teachers and parents love this Word Problem worksheet for Grade 3. Download and print instantly.,https://mathworksheetkidscraft.github.io/html/math-word-problem-worksheet-3157.html,https://mathworksheetkidscraft.github.io/images/math-word-problem-worksheet-3157.jpg,Printable Worksheets,04/21/2026 08:34:00 PM
Free 29 Addition Math Worksheet For Grade 3 With Answers - Part 181 | Printable Practice,Teachers and parents love this Addition worksheet for Grade 3. Download and print instantly.,https://mathworksheetkidscraft.github.io/html/free-29-addition-math-worksheet-for-grade-3-with-answers-part-181-2720.html,https://mathworksheetkidscraft.github.io/images/free-29-addition-math-worksheet-for-grade-3-with-answers-part-181-2720.jpg,Kids Math Worksheets,04/22/2026 08:38:00 AM
Free Preschool Count and Color Worksheet,Free printable Count and Color worksheet for Preschool. Perfect for homeschool practice and classroom activities.,https://mathworksheetkidscraft.github.io/html/free-preschool-count-and-color-worksheet-7323.html,https://mathworksheetkidscraft.github.io/images/free-preschool-count-and-color-worksheet-7323.jpg,Kids Math Worksheets,04/22/2026 11:02:00 AM
Free Counting Objects Worksheet For Pre-K Printable - Part 183 | Printable Practice,Teachers and parents love this Counting Objects worksheet for Pre-K. Download and print instantly.,https://mathworksheetkidscraft.github.io/html/free-counting-objects-worksheet-for-pre-k-printable-part-183-4054.html,https://mathworksheetkidscraft.github.io/images/free-counting-objects-worksheet-for-pre-k-printable-part-183-4054.jpg,Homeschool Math,04/22/2026 01:34:00 PM
Free 10 Division Math Worksheet For Grade 1 - Part 184 | Printable Practice,Free printable Division worksheet for Grade 1. Perfect for homeschool practice and classroom activities.,https://mathworksheetkidscraft.github.io/html/free-10-division-math-worksheet-for-grade-1-part-184-1299.html,https://mathworksheetkidscraft.github.io/images/free-10-division-math-worksheet-for-grade-1-part-184-1299.jpg,Math Practice Printables,04/22/2026 04:22:00 PM
Interactive Math Knowledge Test Worksheet,Help kids master Math with this printable worksheet for Math. Great for daily math practice.,https://mathworksheetkidscraft.github.io/html/interactive-math-knowledge-test-worksheet-8598.html,https://mathworksheetkidscraft.github.io/images/interactive-math-knowledge-test-worksheet-8598.jpg,Kids Math Worksheets,04/22/2026 08:30:00 PM
Missing Number Math Worksheet,Free printable Missing Number worksheet for Grade 1. Perfect for homeschool practice and classroom activities.,https://mathworksheetkidscraft.github.io/html/missing-number-math-worksheet-3173.html,https://mathworksheetkidscraft.github.io/images/missing-number-math-worksheet-3173.jpg,Math Practice Printables,04/23/2026 08:38:00 AM
Mixed Operations Math Worksheet,Help kids master Mixed Operations with this printable worksheet for Grade 3. Great for daily math practice.,https://mathworksheetkidscraft.github.io/html/mixed-operations-math-worksheet-9308.html,https://mathworksheetkidscraft.github.io/images/mixed-operations-math-worksheet-9308.jpg,Homeschool Math,04/23/2026 11:07:00 AM
Free 18 Multiplication Math Worksheet For Grade 2 With Answers - Part 188 | Printable Practice,Free printable Multiplication worksheet for Grade 2. Perfect for homeschool practice and classroom activities.,https://mathworksheetkidscraft.github.io/html/free-18-multiplication-math-worksheet-for-grade-2-with-answers-part-188-9832.html,https://mathworksheetkidscraft.github.io/images/free-18-multiplication-math-worksheet-for-grade-2-with-answers-part-188-9832.jpg,Math Practice Printables,04/23/2026 01:32:00 PM
Printable Free 24 Subtraction Math Worksheet For Grade 2 - Part 189 | Printable Practice,Fun and engaging Subtraction worksheet for Grade 2. Perfect printable math practice.,https://mathworksheetkidscraft.github.io/html/printable-free-24-subtraction-math-worksheet-for-grade-2-part-189-3280.html,https://mathworksheetkidscraft.github.io/images/printable-free-24-subtraction-math-worksheet-for-grade-2-part-189-3280.jpg,Kids Math Worksheets,04/23/2026 04:28:00 PM
Printable 8 Times Table Worksheet For Grade 3 - Part 190 | Printable Practice,Free printable Times Table worksheet for Grade 3. Perfect for homeschool practice and classroom activities.,https://mathworksheetkidscraft.github.io/html/printable-8-times-table-worksheet-for-grade-3-part-190-6819.html,https://mathworksheetkidscraft.github.io/images/printable-8-times-table-worksheet-for-grade-3-part-190-6819.jpg,Kids Math Worksheets,04/23/2026 08:36:00 PM
Printable Tracing Worksheet For Kids - Part 191 | Free Printable,Printable Tracing worksheet designed for Kindergarten students. Easy and fun math practice.,https://mathworksheetkidscraft.github.io/html/printable-tracing-worksheet-for-kids-part-191-4483.html,https://mathworksheetkidscraft.github.io/images/printable-tracing-worksheet-for-kids-part-191-4483.jpg,Elementary Math Activities,04/24/2026 08:34:00 AM
Math Word Problem Worksheet,Free printable Word Problem worksheet for Grade 3. Perfect for homeschool practice and classroom activities.,https://mathworksheetkidscraft.github.io/html/math-word-problem-worksheet-5299.html,https://mathworksheetkidscraft.github.io/images/math-word-problem-worksheet-5299.jpg,Printable Worksheets,04/24/2026 11:02:00 AM
Free 27 Addition Math Worksheet For Grade 5 - Part 193 | Printable Practice,Free printable Addition worksheet for Grade 5. Perfect for homeschool practice and classroom activities.,https://mathworksheetkidscraft.github.io/html/free-27-addition-math-worksheet-for-grade-5-part-193-5988.html,https://mathworksheetkidscraft.github.io/images/free-27-addition-math-worksheet-for-grade-5-part-193-5988.jpg,Elementary Math Activities,04/24/2026 01:22:00 PM
"Count and Color Triangle, Car, Apple Worksheet for Kids",Free printable Count and Color worksheet for Grade 1. Perfect for homeschool practice and classroom activities.,https://mathworksheetkidscraft.github.io/html/count-and-color-triangle-car-apple-worksheet-for-kids-3934.html,https://mathworksheetkidscraft.github.io/images/count-and-color-triangle-car-apple-worksheet-for-kids-3934.jpg,Elementary Math Activities,04/24/2026 04:26:00 PM
Free Counting Objects Worksheet For Kindergarten Printable - Part 195 | Printable Practice,Help kids master Counting Objects with this printable worksheet for Kindergarten. Great for daily math practice.,https://mathworksheetkidscraft.github.io/html/free-counting-objects-worksheet-for-kindergarten-printable-part-195-1046.html,https://mathworksheetkidscraft.github.io/images/free-counting-objects-worksheet-for-kindergarten-printable-part-195-1046.jpg,Math Practice Printables,04/24/2026 08:38:00 PM
Grade 1 Division Practice Worksheet (17 Problems) - Part 196 | Printable Practice,Free printable Division worksheet for Grade 1. Perfect for homeschool practice and classroom activities.,https://mathworksheetkidscraft.github.io/html/grade-1-division-practice-worksheet-17-problems-part-196-2104.html,https://mathworksheetkidscraft.github.io/images/grade-1-division-practice-worksheet-17-problems-part-196-2104.jpg,Elementary Math Activities,04/25/2026 08:32:00 AM
Advanced Mathematics Problem Set Worksheet,Teachers and parents love this Math worksheet for Math. Download and print instantly.,https://mathworksheetkidscraft.github.io/html/advanced-mathematics-problem-set-worksheet-5259.html,https://mathworksheetkidscraft.github.io/images/advanced-mathematics-problem-set-worksheet-5259.jpg,Printable Worksheets,04/25/2026 11:04:00 AM
Missing Number Math Worksheet,Free printable Missing Number worksheet for Grade 1. Perfect for homeschool practice and classroom activities.,https://mathworksheetkidscraft.github.io/html/missing-number-math-worksheet-5672.html,https://mathworksheetkidscraft.github.io/images/missing-number-math-worksheet-5672.jpg,Elementary Math Activities,04/25/2026 01:27:00 PM
Mixed Operations Math Worksheet,Fun and engaging Mixed Operations worksheet for Grade 3. Perfect printable math practice.,https://mathworksheetkidscraft.github.io/html/mixed-operations-math-worksheet-3918.html,https://mathworksheetkidscraft.github.io/images/mixed-operations-math-worksheet-3918.jpg,Math Practice Printables,04/25/2026 04:24:00 PM
Printable Free 18 Multiplication Math Worksheet For Grade 2 - Part 200 | Printable Practice,Printable Multiplication worksheet designed for Grade 2 students. Easy and fun math practice.,https://mathworksheetkidscraft.github.io/html/printable-free-18-multiplication-math-worksheet-for-grade-2-part-200-3077.html,https://mathworksheetkidscraft.github.io/images/printable-free-18-multiplication-math-worksheet-for-grade-2-part-200-3077.jpg,Math Practice Printables,04/25/2026 08:37:00 PM
